Experiment,Temperature_C,Pressure_Torr,TMA_Pulse_s,H2O_Pulse_s,Purge_s,GPC_nm_per_cycle,Film_Thickness_nm,Cycle_Time_s,Total_Process_Time_s,Relative_Throughput_cycles_per_hour,Thickness_Uniformity_1sigma_%,Film_Stress_MPa,Film_Density_g_cm3,Surface_Roughness_nm_RMS,Defect_Density_per_cm2,Film_Quality_Score
1,160,0.6,0.5,0.5,2.5,0.0228541224490695,2.285412244906957,6.0,600.0,600.0,3.3999999999999995,-10.0,2.825,0.44,56.0,0.18604651162790697
2,160,0.6,0.5,0.5,5.0,0.0268872028812583,2.688720288125832,11.0,1100.0,327.27272727272725,2.5999999999999996,-10.0,2.825,0.36,36.0,0.3948700410396717
3,160,0.6,0.5,0.5,10.0,0.0268872028812583,2.688720288125832,21.0,2100.0,171.42857142857142,2.5999999999999996,-10.0,2.825,0.36,36.0,0.3948700410396717
4,160,0.6,0.5,1.0,2.5,0.036715848415257,3.671584841525704,6.5,650.0,553.8461538461538,3.25,-2.5,2.8375,0.42500000000000004,53.0,0.2512342436974786
5,160,0.6,0.5,1.0,5.0,0.0431951157826553,4.3195115782655344,11.5,1150.0,313.0434782608696,2.4499999999999997,-2.5,2.8375,0.34500000000000003,33.0,0.4600577731092434
6,160,0.6,0.5,1.0,10.0,0.0431951157826553,4.3195115782655344,21.5,2150.0,167.4418604651163,2.4499999999999997,-2.5,2.8375,0.34500000000000003,33.0,0.4600577731092434
7,160,0.6,0.5,1.5,2.5,0.0385516408360199,3.8551640836019896,7.0,700.0,514.2857142857143,3.3999999999999995,5.0,2.825,0.44,56.0,0.19534883720930232
8,160,0.6,0.5,1.5,5.0,0.0453548715717881,4.535487157178811,12.0,1200.0,300.0,2.5999999999999996,5.0,2.825,0.36,36.0,0.4041723666210671
9,160,0.6,0.5,1.5,10.0,0.0453548715717881,4.535487157178811,22.0,2200.0,163.63636363636363,2.5999999999999996,5.0,2.825,0.36,36.0,0.4041723666210671
10,160,0.6,1.0,0.5,2.5,0.036715848415257,3.671584841525704,6.5,650.0,553.8461538461538,3.25,-2.5,2.8375,0.42500000000000004,53.0,0.2512342436974786
11,160,0.6,1.0,0.5,5.0,0.0431951157826553,4.3195115782655344,11.5,1150.0,313.0434782608696,2.4499999999999997,-2.5,2.8375,0.34500000000000003,33.0,0.4600577731092434
12,160,0.6,1.0,0.5,10.0,0.0431951157826553,4.3195115782655344,21.5,2150.0,167.4418604651163,2.4499999999999997,-2.5,2.8375,0.34500000000000003,33.0,0.4600577731092434
13,160,0.6,1.0,1.0,2.5,0.0589851361764719,5.898513617647193,7.0,700.0,514.2857142857143,3.0999999999999996,5.0,2.85,0.41000000000000003,50.0,0.2978173246042602
14,160,0.6,1.0,1.0,5.0,0.0693942778546728,6.939427785467286,12.0,1200.0,300.0,2.3,5.0,2.85,0.33,30.0,0.5066408540160249
15,160,0.6,1.0,1.0,10.0,0.0693942778546728,6.939427785467286,22.0,2200.0,163.63636363636363,2.3,5.0,2.85,0.33,30.0,0.5066408540160249
16,160,0.6,1.0,1.5,2.5,0.0619343929852955,6.193439298529554,7.5,750.0,480.0,3.25,12.5,2.8375,0.42500000000000004,53.0,0.2326295925346879
17,160,0.6,1.0,1.5,5.0,0.0728639917474065,7.286399174740652,12.5,1250.0,288.0,2.4499999999999997,12.5,2.8375,0.34500000000000003,33.0,0.4414531219464527
18,160,0.6,1.0,1.5,10.0,0.0728639917474065,7.286399174740652,22.5,2250.0,160.0,2.4499999999999997,12.5,2.8375,0.34500000000000003,33.0,0.4414531219464527
19,160,0.6,1.5,0.5,2.5,0.0385516408360199,3.8551640836019896,7.0,700.0,514.2857142857143,3.3999999999999995,5.0,2.825,0.44,56.0,0.19534883720930232
20,160,0.6,1.5,0.5,5.0,0.0453548715717881,4.535487157178811,12.0,1200.0,300.0,2.5999999999999996,5.0,2.825,0.36,36.0,0.4041723666210671
21,160,0.6,1.5,0.5,10.0,0.0453548715717881,4.535487157178811,22.0,2200.0,163.63636363636363,2.5999999999999996,5.0,2.825,0.36,36.0,0.4041723666210671
22,160,0.6,1.5,1.0,2.5,0.0619343929852955,6.193439298529554,7.5,750.0,480.0,3.25,12.5,2.8375,0.42500000000000004,53.0,0.2326295925346879
23,160,0.6,1.5,1.0,5.0,0.0728639917474065,7.286399174740652,12.5,1250.0,288.0,2.4499999999999997,12.5,2.8375,0.34500000000000003,33.0,0.4414531219464527
24,160,0.6,1.5,1.0,10.0,0.0728639917474065,7.286399174740652,22.5,2250.0,160.0,2.4499999999999997,12.5,2.8375,0.34500000000000003,33.0,0.4414531219464527
25,160,0.6,1.5,1.5,2.5,0.0650311126345603,6.503111263456033,8.0,800.0,450.0,3.3999999999999995,20.0,2.825,0.44,56.0,0.1674418604651163
26,160,0.6,1.5,1.5,5.0,0.0765071913347768,7.650719133477684,13.0,1300.0,276.9230769230769,2.5999999999999996,20.0,2.825,0.36,36.0,0.3762653898768811
27,160,0.6,1.5,1.5,10.0,0.0765071913347768,7.650719133477684,23.0,2300.0,156.52173913043478,2.5999999999999996,20.0,2.825,0.36,36.0,0.3762653898768811
28,160,1.0,0.5,0.5,2.5,0.0263469820920176,2.634698209201769,6.0,600.0,600.0,2.9000000000000004,10.0,2.875,0.39000000000000007,46.0,0.3663511334766462
29,160,1.0,0.5,0.5,5.0,0.0309964495200208,3.099644952002081,11.0,1100.0,327.27272727272725,2.1,10.0,2.875,0.31000000000000005,26.0,0.575174662888411
30,160,1.0,0.5,0.5,10.0,0.0309964495200208,3.099644952002081,21.0,2100.0,171.42857142857142,2.1,10.0,2.875,0.31000000000000005,26.0,0.575174662888411
31,160,1.0,0.5,1.0,2.5,0.0423272345217261,4.232723452172611,6.5,650.0,553.8461538461538,2.75,17.5,2.8874999999999997,0.37500000000000006,43.0,0.40363188880203194
32,160,1.0,0.5,1.0,5.0,0.0497967464961483,4.979674649614837,11.5,1150.0,313.0434782608696,1.95,17.5,2.8874999999999997,0.29500000000000004,23.0,0.6124554182137967
33,160,1.0,0.5,1.0,10.0,0.0497967464961483,4.979674649614837,21.5,2150.0,167.4418604651163,1.95,17.5,2.8874999999999997,0.29500000000000004,23.0,0.6124554182137967
34,160,1.0,0.5,1.5,2.5,0.0444435962478124,4.444359624781242,7.0,700.0,514.2857142857143,2.9000000000000004,25.0,2.875,0.39000000000000007,46.0,0.3384441567324602
35,160,1.0,0.5,1.5,5.0,0.0522865838209557,5.2286583820955785,12.0,1200.0,300.0,2.1,25.0,2.875,0.31000000000000005,26.0,0.5472676861442249
36,160,1.0,0.5,1.5,10.0,0.0522865838209557,5.2286583820955785,22.0,2200.0,163.63636363636363,2.1,25.0,2.875,0.31000000000000005,26.0,0.5472676861442249
37,160,1.0,1.0,0.5,2.5,0.0423272345217261,4.232723452172611,6.5,650.0,553.8461538461538,2.75,17.5,2.8874999999999997,0.37500000000000006,43.0,0.40363188880203194
38,160,1.0,1.0,0.5,5.0,0.0497967464961483,4.979674649614837,11.5,1150.0,313.0434782608696,1.95,17.5,2.8874999999999997,0.29500000000000004,23.0,0.6124554182137967
39,160,1.0,1.0,0.5,10.0,0.0497967464961483,4.979674649614837,21.5,2150.0,167.4418604651163,1.95,17.5,2.8874999999999997,0.29500000000000004,23.0,0.6124554182137967
40,160,1.0,1.0,1.0,2.5,0.068,6.800000000000001,7.0,700.0,514.2857142857143,2.6,25.0,2.9,0.36000000000000004,40.0,0.44091264412741815
41,160,1.0,1.0,1.0,5.0,0.08,8.0,12.0,1200.0,300.0,1.8,25.0,2.9,0.28,20.0,0.6497361735391828
42,160,1.0,1.0,1.0,10.0,0.08,8.0,22.0,2200.0,163.63636363636363,1.8,25.0,2.9,0.28,20.0,0.6497361735391828
43,160,1.0,1.0,1.5,2.5,0.0714,7.140000000000001,7.5,750.0,480.0,2.75,32.5,2.8874999999999997,0.37500000000000006,43.0,0.37572491205784586
44,160,1.0,1.0,1.5,5.0,0.084,8.4,12.5,1250.0,288.0,1.95,32.5,2.8874999999999997,0.29500000000000004,23.0,0.5845484414696106
45,160,1.0,1.0,1.5,10.0,0.084,8.4,22.5,2250.0,160.0,1.95,32.5,2.8874999999999997,0.29500000000000004,23.0,0.5845484414696106
46,160,1.0,1.5,0.5,2.5,0.0444435962478124,4.444359624781242,7.0,700.0,514.2857142857143,2.9000000000000004,25.0,2.875,0.39000000000000007,46.0,0.3384441567324602
47,160,1.0,1.5,0.5,5.0,0.0522865838209557,5.2286583820955785,12.0,1200.0,300.0,2.1,25.0,2.875,0.31000000000000005,26.0,0.5472676861442249
48,160,1.0,1.5,0.5,10.0,0.0522865838209557,5.2286583820955785,22.0,2200.0,163.63636363636363,2.1,25.0,2.875,0.31000000000000005,26.0,0.5472676861442249
49,160,1.0,1.5,1.0,2.5,0.0714,7.140000000000001,7.5,750.0,480.0,2.75,32.5,2.8874999999999997,0.37500000000000006,43.0,0.37572491205784586
50,160,1.0,1.5,1.0,5.0,0.084,8.4,12.5,1250.0,288.0,1.95,32.5,2.8874999999999997,0.29500000000000004,23.0,0.5845484414696106
51,160,1.0,1.5,1.0,10.0,0.084,8.4,22.5,2250.0,160.0,1.95,32.5,2.8874999999999997,0.29500000000000004,23.0,0.5845484414696106
52,160,1.0,1.5,1.5,2.5,0.07497,7.497000000000001,8.0,800.0,450.0,2.9000000000000004,40.0,2.875,0.39000000000000007,46.0,0.3105371799882742
53,160,1.0,1.5,1.5,5.0,0.0882,8.820000000000002,13.0,1300.0,276.9230769230769,2.1,40.0,2.875,0.31000000000000005,26.0,0.519360709400039
54,160,1.0,1.5,1.5,10.0,0.0882,8.820000000000002,23.0,2300.0,156.52173913043478,2.1,40.0,2.875,0.31000000000000005,26.0,0.519360709400039
55,160,1.4,0.5,0.5,2.5,0.0228541224490695,2.2854122449069574,6.0,600.0,600.0,3.3999999999999995,29.999999999999993,2.825,0.44,56.0,0.14883720930232558
56,160,1.4,0.5,0.5,5.0,0.0268872028812583,2.688720288125832,11.0,1100.0,327.27272727272725,2.5999999999999996,29.999999999999993,2.825,0.36,36.0,0.3576607387140903
57,160,1.4,0.5,0.5,10.0,0.0268872028812583,2.688720288125832,21.0,2100.0,171.42857142857142,2.5999999999999996,29.999999999999993,2.825,0.36,36.0,0.3576607387140903
58,160,1.4,0.5,1.0,2.5,0.036715848415257,3.671584841525704,6.5,650.0,553.8461538461538,3.25,37.49999999999999,2.8375,0.42500000000000004,53.0,0.18611796462771116
59,160,1.4,0.5,1.0,5.0,0.0431951157826553,4.319511578265535,11.5,1150.0,313.0434782608696,2.4499999999999997,37.49999999999999,2.8375,0.34500000000000003,33.0,0.394941494039476
60,160,1.4,0.5,1.0,10.0,0.0431951157826553,4.319511578265535,21.5,2150.0,167.4418604651163,2.4499999999999997,37.49999999999999,2.8375,0.34500000000000003,33.0,0.394941494039476
61,160,1.4,0.5,1.5,2.5,0.0385516408360199,3.8551640836019914,7.0,700.0,514.2857142857143,3.3999999999999995,44.99999999999999,2.825,0.44,56.0,0.12093023255813953
62,160,1.4,0.5,1.5,5.0,0.0453548715717881,4.535487157178812,12.0,1200.0,300.0,2.5999999999999996,44.99999999999999,2.825,0.36,36.0,0.3297537619699043
63,160,1.4,0.5,1.5,10.0,0.0453548715717881,4.535487157178812,22.0,2200.0,163.63636363636363,2.5999999999999996,44.99999999999999,2.825,0.36,36.0,0.3297537619699043
64,160,1.4,1.0,0.5,2.5,0.036715848415257,3.671584841525704,6.5,650.0,553.8461538461538,3.25,37.49999999999999,2.8375,0.42500000000000004,53.0,0.18611796462771116
65,160,1.4,1.0,0.5,5.0,0.0431951157826553,4.319511578265535,11.5,1150.0,313.0434782608696,2.4499999999999997,37.49999999999999,2.8375,0.34500000000000003,33.0,0.394941494039476
66,160,1.4,1.0,0.5,10.0,0.0431951157826553,4.319511578265535,21.5,2150.0,167.4418604651163,2.4499999999999997,37.49999999999999,2.8375,0.34500000000000003,33.0,0.394941494039476
67,160,1.4,1.0,1.0,2.5,0.0589851361764719,5.898513617647194,7.0,700.0,514.2857142857143,3.0999999999999996,44.99999999999999,2.85,0.41000000000000003,50.0,0.2233987199530974
68,160,1.4,1.0,1.0,5.0,0.0693942778546728,6.939427785467288,12.0,1200.0,300.0,2.3,44.99999999999999,2.85,0.33,30.0,0.43222224936486214
69,160,1.4,1.0,1.0,10.0,0.0693942778546728,6.939427785467288,22.0,2200.0,163.63636363636363,2.3,44.99999999999999,2.85,0.33,30.0,0.43222224936486214
70,160,1.4,1.0,1.5,2.5,0.0619343929852955,6.1934392985295545,7.5,750.0,480.0,3.25,52.49999999999999,2.8375,0.42500000000000004,53.0,0.1582109878835251
71,160,1.4,1.0,1.5,5.0,0.0728639917474065,7.2863991747406525,12.5,1250.0,288.0,2.4499999999999997,52.49999999999999,2.8375,0.34500000000000003,33.0,0.3670345172952899
72,160,1.4,1.0,1.5,10.0,0.0728639917474065,7.2863991747406525,22.5,2250.0,160.0,2.4499999999999997,52.49999999999999,2.8375,0.34500000000000003,33.0,0.3670345172952899
73,160,1.4,1.5,0.5,2.5,0.0385516408360199,3.8551640836019914,7.0,700.0,514.2857142857143,3.3999999999999995,44.99999999999999,2.825,0.44,56.0,0.12093023255813953
74,160,1.4,1.5,0.5,5.0,0.0453548715717881,4.535487157178812,12.0,1200.0,300.0,2.5999999999999996,44.99999999999999,2.825,0.36,36.0,0.3297537619699043
75,160,1.4,1.5,0.5,10.0,0.0453548715717881,4.535487157178812,22.0,2200.0,163.63636363636363,2.5999999999999996,44.99999999999999,2.825,0.36,36.0,0.3297537619699043
76,160,1.4,1.5,1.0,2.5,0.0619343929852955,6.1934392985295545,7.5,750.0,480.0,3.25,52.49999999999999,2.8375,0.42500000000000004,53.0,0.1582109878835251
77,160,1.4,1.5,1.0,5.0,0.0728639917474065,7.2863991747406525,12.5,1250.0,288.0,2.4499999999999997,52.49999999999999,2.8375,0.34500000000000003,33.0,0.3670345172952899
78,160,1.4,1.5,1.0,10.0,0.0728639917474065,7.2863991747406525,22.5,2250.0,160.0,2.4499999999999997,52.49999999999999,2.8375,0.34500000000000003,33.0,0.3670345172952899
79,160,1.4,1.5,1.5,2.5,0.0650311126345603,6.5031112634560335,8.0,800.0,450.0,3.3999999999999995,59.99999999999999,2.825,0.44,56.0,0.0930232558139535
80,160,1.4,1.5,1.5,5.0,0.0765071913347768,7.650719133477686,13.0,1300.0,276.9230769230769,2.5999999999999996,59.99999999999999,2.825,0.36,36.0,0.30184678522571823
81,160,1.4,1.5,1.5,10.0,0.0765071913347768,7.650719133477686,23.0,2300.0,156.52173913043478,2.5999999999999996,59.99999999999999,2.825,0.36,36.0,0.30184678522571823
82,200,0.6,0.5,0.5,2.5,0.0285676530613369,2.856765306133696,6.0,600.0,600.0,2.6,15.0,2.9250000000000003,0.36000000000000004,41.0,0.4851475473910496
83,200,0.6,0.5,0.5,5.0,0.0336090036015728,3.3609003601572893,11.0,1100.0,327.27272727272725,1.8,15.0,2.9250000000000003,0.28,21.0,0.6939710768028143
84,200,0.6,0.5,0.5,10.0,0.0336090036015728,3.3609003601572893,21.0,2100.0,171.42857142857142,1.8,15.0,2.9250000000000003,0.28,21.0,0.6939710768028143
85,200,0.6,0.5,1.0,2.5,0.0458948105190713,4.58948105190713,6.5,650.0,553.8461538461538,2.45,22.5,2.9375,0.34500000000000003,38.0,0.5224283027164354
86,200,0.6,0.5,1.0,5.0,0.0539938947283191,5.399389472831918,11.5,1150.0,313.0434782608696,1.65,22.5,2.9375,0.265,18.0,0.7312518321282002
87,200,0.6,0.5,1.0,10.0,0.0539938947283191,5.399389472831918,21.5,2150.0,167.4418604651163,1.65,22.5,2.9375,0.265,18.0,0.7312518321282002
88,200,0.6,0.5,1.5,2.5,0.0481895510450248,4.818955104502487,7.0,700.0,514.2857142857143,2.6,30.0,2.9250000000000003,0.36000000000000004,41.0,0.4572405706468636
89,200,0.6,0.5,1.5,5.0,0.0566935894647351,5.669358946473514,12.0,1200.0,300.0,1.8,30.0,2.9250000000000003,0.28,21.0,0.6660641000586283
90,200,0.6,0.5,1.5,10.0,0.0566935894647351,5.669358946473514,22.0,2200.0,163.63636363636363,1.8,30.0,2.9250000000000003,0.28,21.0,0.6660641000586283
91,200,0.6,1.0,0.5,2.5,0.0458948105190713,4.58948105190713,6.5,650.0,553.8461538461538,2.45,22.5,2.9375,0.34500000000000003,38.0,0.5224283027164354
92,200,0.6,1.0,0.5,5.0,0.0539938947283191,5.399389472831918,11.5,1150.0,313.0434782608696,1.65,22.5,2.9375,0.265,18.0,0.7312518321282002
93,200,0.6,1.0,0.5,10.0,0.0539938947283191,5.399389472831918,21.5,2150.0,167.4418604651163,1.65,22.5,2.9375,0.265,18.0,0.7312518321282002
94,200,0.6,1.0,1.0,2.5,0.0737314202205899,7.373142022058992,7.0,700.0,514.2857142857143,2.3,30.0,2.95,0.33,35.0,0.5597090580418215
95,200,0.6,1.0,1.0,5.0,0.086742847318341,8.674284731834108,12.0,1200.0,300.0,1.5,30.0,2.95,0.25,15.0,0.7685325874535862
96,200,0.6,1.0,1.0,10.0,0.086742847318341,8.674284731834108,22.0,2200.0,163.63636363636363,1.5,30.0,2.95,0.25,15.0,0.7685325874535862
97,200,0.6,1.0,1.5,2.5,0.0774179912316194,7.741799123161942,7.5,750.0,480.0,2.45,37.5,2.9375,0.34500000000000003,38.0,0.4945213259722493
98,200,0.6,1.0,1.5,5.0,0.0910799896842581,9.107998968425814,12.5,1250.0,288.0,1.65,37.5,2.9375,0.265,18.0,0.7033448553840141
99,200,0.6,1.0,1.5,10.0,0.0910799896842581,9.107998968425814,22.5,2250.0,160.0,1.65,37.5,2.9375,0.265,18.0,0.7033448553840141
100,200,0.6,1.5,0.5,2.5,0.0481895510450248,4.818955104502487,7.0,700.0,514.2857142857143,2.6,30.0,2.9250000000000003,0.36000000000000004,41.0,0.4572405706468636
101,200,0.6,1.5,0.5,5.0,0.0566935894647351,5.669358946473515,12.0,1200.0,300.0,1.8,30.0,2.9250000000000003,0.28,21.0,0.6660641000586283
102,200,0.6,1.5,0.5,10.0,0.0566935894647351,5.669358946473515,22.0,2200.0,163.63636363636363,1.8,30.0,2.9250000000000003,0.28,21.0,0.6660641000586283
103,200,0.6,1.5,1.0,2.5,0.0774179912316194,7.741799123161942,7.5,750.0,480.0,2.45,37.5,2.9375,0.34500000000000003,38.0,0.4945213259722493
104,200,0.6,1.5,1.0,5.0,0.0910799896842581,9.107998968425814,12.5,1250.0,288.0,1.65,37.5,2.9375,0.265,18.0,0.7033448553840141
105,200,0.6,1.5,1.0,10.0,0.0910799896842581,9.107998968425814,22.5,2250.0,160.0,1.65,37.5,2.9375,0.265,18.0,0.7033448553840141
106,200,0.6,1.5,1.5,2.5,0.0812888907932004,8.12888907932004,8.0,800.0,450.0,2.6,45.0,2.9250000000000003,0.36000000000000004,41.0,0.4293335939026775
107,200,0.6,1.5,1.5,5.0,0.095633989168471,9.563398916847106,13.0,1300.0,276.9230769230769,1.8,45.0,2.9250000000000003,0.28,21.0,0.6381571233144422
108,200,0.6,1.5,1.5,10.0,0.095633989168471,9.563398916847106,23.0,2300.0,156.52173913043478,1.8,45.0,2.9250000000000003,0.28,21.0,0.6381571233144422
109,200,1.0,0.5,0.5,2.5,0.0329337276150221,3.2933727615022104,6.0,600.0,600.0,2.1,35.0,2.975,0.31,31.0,0.6282428669142076
110,200,1.0,0.5,0.5,5.0,0.038745561900026,3.874556190002601,11.0,1100.0,327.27272727272725,1.3,35.0,2.975,0.23,11.0,0.8370663963259724
111,200,1.0,0.5,0.5,10.0,0.038745561900026,3.874556190002601,21.0,2100.0,171.42857142857142,1.3,35.0,2.975,0.23,11.0,0.8370663963259724
112,200,1.0,0.5,1.0,2.5,0.0529090431521576,5.290904315215764,6.5,650.0,553.8461538461538,1.95,42.5,2.9875,0.29500000000000004,28.0,0.6655236222395934
113,200,1.0,0.5,1.0,5.0,0.0622459331201854,6.224593312018547,11.5,1150.0,313.0434782608696,1.15,42.5,2.9875,0.21500000000000002,8.0,0.8743471516513579
114,200,1.0,0.5,1.0,10.0,0.0622459331201854,6.224593312018547,21.5,2150.0,167.4418604651163,1.15,42.5,2.9875,0.21500000000000002,8.0,0.8743471516513579
115,200,1.0,0.5,1.5,2.5,0.0555544953097655,5.555449530976553,7.0,700.0,514.2857142857143,2.1,50.0,2.975,0.31,31.0,0.6003358901700215
116,200,1.0,0.5,1.5,5.0,0.0653582297761947,6.535822977619474,12.0,1200.0,300.0,1.3,50.0,2.975,0.23,11.0,0.8091594195817863
117,200,1.0,0.5,1.5,10.0,0.0653582297761947,6.535822977619474,22.0,2200.0,163.63636363636363,1.3,50.0,2.975,0.23,11.0,0.8091594195817863
118,200,1.0,1.0,0.5,2.5,0.0529090431521576,5.290904315215764,6.5,650.0,553.8461538461538,1.95,42.5,2.9875,0.29500000000000004,28.0,0.6655236222395934
119,200,1.0,1.0,0.5,5.0,0.0622459331201854,6.224593312018547,11.5,1150.0,313.0434782608696,1.15,42.5,2.9875,0.21500000000000002,8.0,0.8743471516513579
120,200,1.0,1.0,0.5,10.0,0.0622459331201854,6.224593312018547,21.5,2150.0,167.4418604651163,1.15,42.5,2.9875,0.21500000000000002,8.0,0.8743471516513579
121,200,1.0,1.0,1.0,2.5,0.085,8.5,7.0,700.0,514.2857142857143,1.8,50.0,3.0,0.28,25.0,0.7028043775649795
122,200,1.0,1.0,1.0,5.0,0.1,10.0,12.0,1200.0,300.0,1.0,50.0,3.0,0.2,5.0,0.9116279069767442
123,200,1.0,1.0,1.0,10.0,0.1,10.0,22.0,2200.0,163.63636363636363,1.0,50.0,3.0,0.2,5.0,0.9116279069767442
124,200,1.0,1.0,1.5,2.5,0.08925,8.925,7.5,750.0,480.0,1.95,57.5,2.9875,0.29500000000000004,28.0,0.6376166454954073
125,200,1.0,1.0,1.5,5.0,0.105,10.500000000000002,12.5,1250.0,288.0,1.15,57.5,2.9875,0.21500000000000002,8.0,0.8464401749071719
126,200,1.0,1.0,1.5,10.0,0.105,10.500000000000002,22.5,2250.0,160.0,1.15,57.5,2.9875,0.21500000000000002,8.0,0.8464401749071719
127,200,1.0,1.5,0.5,2.5,0.0555544953097655,5.555449530976553,7.0,700.0,514.2857142857143,2.1,50.0,2.975,0.31,31.0,0.6003358901700215
128,200,1.0,1.5,0.5,5.0,0.0653582297761947,6.535822977619474,12.0,1200.0,300.0,1.3,50.0,2.975,0.23,11.0,0.8091594195817863
129,200,1.0,1.5,0.5,10.0,0.0653582297761947,6.535822977619474,22.0,2200.0,163.63636363636363,1.3,50.0,2.975,0.23,11.0,0.8091594195817863
130,200,1.0,1.5,1.0,2.5,0.08925,8.925,7.5,750.0,480.0,1.95,57.5,2.9875,0.29500000000000004,28.0,0.6376166454954073
131,200,1.0,1.5,1.0,5.0,0.105,10.500000000000002,12.5,1250.0,288.0,1.15,57.5,2.9875,0.21500000000000002,8.0,0.8464401749071719
132,200,1.0,1.5,1.0,10.0,0.105,10.500000000000002,22.5,2250.0,160.0,1.15,57.5,2.9875,0.21500000000000002,8.0,0.8464401749071719
133,200,1.0,1.5,1.5,2.5,0.0937125,9.37125,8.0,800.0,450.0,2.1,65.0,2.975,0.31,31.0,0.5724289134258356
134,200,1.0,1.5,1.5,5.0,0.11025,11.025000000000002,13.0,1300.0,276.9230769230769,1.3,65.0,2.975,0.23,11.0,0.7812524428376003
135,200,1.0,1.5,1.5,10.0,0.11025,11.025000000000002,23.0,2300.0,156.52173913043478,1.3,65.0,2.975,0.23,11.0,0.7812524428376003
136,200,1.4,0.5,0.5,2.5,0.0285676530613369,2.856765306133696,6.0,600.0,600.0,2.6,55.0,2.9250000000000003,0.36000000000000004,41.0,0.4107289427398868
137,200,1.4,0.5,0.5,5.0,0.0336090036015728,3.3609003601572893,11.0,1100.0,327.27272727272725,1.8,55.0,2.9250000000000003,0.28,21.0,0.6195524721516515
138,200,1.4,0.5,0.5,10.0,0.0336090036015728,3.3609003601572893,21.0,2100.0,171.42857142857142,1.8,55.0,2.9250000000000003,0.28,21.0,0.6195524721516515
139,200,1.4,0.5,1.0,2.5,0.0458948105190713,4.58948105190713,6.5,650.0,553.8461538461538,2.45,62.5,2.9375,0.34500000000000003,38.0,0.4480096980652725
140,200,1.4,0.5,1.0,5.0,0.0539938947283191,5.399389472831918,11.5,1150.0,313.0434782608696,1.65,62.5,2.9375,0.265,18.0,0.6568332274770374
141,200,1.4,0.5,1.0,10.0,0.0539938947283191,5.399389472831918,21.5,2150.0,167.4418604651163,1.65,62.5,2.9375,0.265,18.0,0.6568332274770374
142,200,1.4,0.5,1.5,2.5,0.0481895510450248,4.818955104502487,7.0,700.0,514.2857142857143,2.6,70.0,2.9250000000000003,0.36000000000000004,41.0,0.3828219659957008
143,200,1.4,0.5,1.5,5.0,0.0566935894647351,5.669358946473514,12.0,1200.0,300.0,1.8,70.0,2.9250000000000003,0.28,21.0,0.5916454954074655
144,200,1.4,0.5,1.5,10.0,0.0566935894647351,5.669358946473514,22.0,2200.0,163.63636363636363,1.8,70.0,2.9250000000000003,0.28,21.0,0.5916454954074655
145,200,1.4,1.0,0.5,2.5,0.0458948105190713,4.58948105190713,6.5,650.0,553.8461538461538,2.45,62.5,2.9375,0.34500000000000003,38.0,0.4480096980652725
146,200,1.4,1.0,0.5,5.0,0.0539938947283191,5.399389472831918,11.5,1150.0,313.0434782608696,1.65,62.5,2.9375,0.265,18.0,0.6568332274770374
147,200,1.4,1.0,0.5,10.0,0.0539938947283191,5.399389472831918,21.5,2150.0,167.4418604651163,1.65,62.5,2.9375,0.265,18.0,0.6568332274770374
148,200,1.4,1.0,1.0,2.5,0.0737314202205899,7.373142022058992,7.0,700.0,514.2857142857143,2.3,70.0,2.95,0.33,35.0,0.48529045339065874
149,200,1.4,1.0,1.0,5.0,0.086742847318341,8.674284731834108,12.0,1200.0,300.0,1.5,70.0,2.95,0.25,14.999999999999998,0.6941139828024234
150,200,1.4,1.0,1.0,10.0,0.086742847318341,8.674284731834108,22.0,2200.0,163.63636363636363,1.5,70.0,2.95,0.25,14.999999999999998,0.6941139828024234
151,200,1.4,1.0,1.5,2.5,0.0774179912316194,7.741799123161942,7.5,750.0,480.0,2.45,77.5,2.9375,0.34500000000000003,38.0,0.4201027213210865
152,200,1.4,1.0,1.5,5.0,0.0910799896842581,9.107998968425814,12.5,1250.0,288.0,1.65,77.5,2.9375,0.265,18.0,0.6289262507328514
153,200,1.4,1.0,1.5,10.0,0.0910799896842581,9.107998968425814,22.5,2250.0,160.0,1.65,77.5,2.9375,0.265,18.0,0.6289262507328514
154,200,1.4,1.5,0.5,2.5,0.0481895510450248,4.818955104502487,7.0,700.0,514.2857142857143,2.6,70.0,2.9250000000000003,0.36000000000000004,41.0,0.3828219659957008
155,200,1.4,1.5,0.5,5.0,0.0566935894647351,5.669358946473515,12.0,1200.0,300.0,1.8,70.0,2.9250000000000003,0.28,21.0,0.5916454954074655
156,200,1.4,1.5,0.5,10.0,0.0566935894647351,5.669358946473515,22.0,2200.0,163.63636363636363,1.8,70.0,2.9250000000000003,0.28,21.0,0.5916454954074655
157,200,1.4,1.5,1.0,2.5,0.0774179912316194,7.741799123161942,7.5,750.0,480.0,2.45,77.5,2.9375,0.34500000000000003,38.0,0.4201027213210865
158,200,1.4,1.5,1.0,5.0,0.0910799896842581,9.107998968425814,12.5,1250.0,288.0,1.65,77.5,2.9375,0.265,18.0,0.6289262507328514
159,200,1.4,1.5,1.0,10.0,0.0910799896842581,9.107998968425814,22.5,2250.0,160.0,1.65,77.5,2.9375,0.265,18.0,0.6289262507328514
160,200,1.4,1.5,1.5,2.5,0.0812888907932004,8.12888907932004,8.0,800.0,450.0,2.6,85.0,2.9250000000000003,0.36000000000000004,41.0,0.3549149892515147
161,200,1.4,1.5,1.5,5.0,0.095633989168471,9.563398916847106,13.0,1300.0,276.9230769230769,1.8,85.0,2.9250000000000003,0.28,21.0,0.5637385186632794
162,200,1.4,1.5,1.5,10.0,0.095633989168471,9.563398916847106,23.0,2300.0,156.52173913043478,1.8,85.0,2.9250000000000003,0.28,21.0,0.5637385186632794
163,240,0.6,0.5,0.5,2.5,0.0323766734695152,3.2376673469515227,6.0,600.0,600.0,3.3999999999999995,40.0,2.825,0.44,56.0,0.1302325581395349
164,240,0.6,0.5,0.5,5.0,0.0380902040817826,3.8090204081782617,11.0,1100.0,327.27272727272725,2.5999999999999996,40.0,2.825,0.36,36.0,0.3390560875512997
165,240,0.6,0.5,0.5,10.0,0.0380902040817826,3.8090204081782617,21.0,2100.0,171.42857142857142,2.5999999999999996,40.0,2.825,0.36,36.0,0.3390560875512997
166,240,0.6,0.5,1.0,2.5,0.0520141185882808,5.201411858828081,6.5,650.0,553.8461538461538,3.25,47.5,2.8375,0.42500000000000004,53.0,0.16751331346492046
167,240,0.6,0.5,1.0,5.0,0.061193080692095,6.119308069209508,11.5,1150.0,313.0434782608696,2.4499999999999997,47.5,2.8375,0.34500000000000003,33.0,0.37633684287668523
168,240,0.6,0.5,1.0,10.0,0.061193080692095,6.119308069209508,21.5,2150.0,167.4418604651163,2.4499999999999997,47.5,2.8375,0.34500000000000003,33.0,0.37633684287668523
169,240,0.6,0.5,1.5,2.5,0.0546148245176948,5.461482451769485,7.0,700.0,514.2857142857143,3.3999999999999995,55.0,2.825,0.44,56.0,0.10232558139534885
170,240,0.6,0.5,1.5,5.0,0.0642527347266998,6.425273472669983,12.0,1200.0,300.0,2.5999999999999996,55.0,2.825,0.36,36.0,0.3111491108071136
171,240,0.6,0.5,1.5,10.0,0.0642527347266998,6.425273472669983,22.0,2200.0,163.63636363636363,2.5999999999999996,55.0,2.825,0.36,36.0,0.3111491108071136
172,240,0.6,1.0,0.5,2.5,0.0520141185882808,5.201411858828081,6.5,650.0,553.8461538461538,3.25,47.5,2.8375,0.42500000000000004,53.0,0.16751331346492046
173,240,0.6,1.0,0.5,5.0,0.061193080692095,6.119308069209508,11.5,1150.0,313.0434782608696,2.4499999999999997,47.5,2.8375,0.34500000000000003,33.0,0.37633684287668523
174,240,0.6,1.0,0.5,10.0,0.061193080692095,6.119308069209508,21.5,2150.0,167.4418604651163,2.4499999999999997,47.5,2.8375,0.34500000000000003,33.0,0.37633684287668523
175,240,0.6,1.0,1.0,2.5,0.0835622762500019,8.35622762500019,7.0,700.0,514.2857142857143,3.0999999999999996,55.0,2.85,0.41000000000000003,50.0,0.2047940687903067
176,240,0.6,1.0,1.0,5.0,0.0983085602941199,9.83085602941199,12.0,1200.0,300.0,2.3,55.0,2.85,0.33,30.0,0.4136175982020715
177,240,0.6,1.0,1.0,10.0,0.0983085602941199,9.83085602941199,22.0,2200.0,163.63636363636363,2.3,55.0,2.85,0.33,30.0,0.4136175982020715
178,240,0.6,1.0,1.5,2.5,0.087740390062502,8.7740390062502,7.5,750.0,480.0,3.25,62.5,2.8375,0.42500000000000004,53.0,0.13960633672073441
179,240,0.6,1.0,1.5,5.0,0.1032239883088259,10.32239883088259,12.5,1250.0,288.0,2.4499999999999997,62.5,2.8375,0.34500000000000003,33.0,0.34842986613249916
180,240,0.6,1.0,1.5,10.0,0.1032239883088259,10.32239883088259,22.5,2250.0,160.0,2.4499999999999997,62.5,2.8375,0.34500000000000003,33.0,0.34842986613249916
181,240,0.6,1.5,0.5,2.5,0.0546148245176948,5.461482451769485,7.0,700.0,514.2857142857143,3.3999999999999995,55.0,2.825,0.44,56.0,0.10232558139534885
182,240,0.6,1.5,0.5,5.0,0.0642527347266998,6.425273472669983,12.0,1200.0,300.0,2.5999999999999996,55.0,2.825,0.36,36.0,0.3111491108071136
183,240,0.6,1.5,0.5,10.0,0.0642527347266998,6.425273472669983,22.0,2200.0,163.63636363636363,2.5999999999999996,55.0,2.825,0.36,36.0,0.3111491108071136
184,240,0.6,1.5,1.0,2.5,0.087740390062502,8.7740390062502,7.5,750.0,480.0,3.25,62.5,2.8375,0.42500000000000004,53.0,0.13960633672073441
185,240,0.6,1.5,1.0,5.0,0.1032239883088259,10.32239883088259,12.5,1250.0,288.0,2.4499999999999997,62.5,2.8375,0.34500000000000003,33.0,0.34842986613249916
186,240,0.6,1.5,1.0,10.0,0.1032239883088259,10.32239883088259,22.5,2250.0,160.0,2.4499999999999997,62.5,2.8375,0.34500000000000003,33.0,0.34842986613249916
187,240,0.6,1.5,1.5,2.5,0.0921274095656271,9.21274095656271,8.0,800.0,450.0,3.3999999999999995,70.0,2.825,0.44,56.0,0.07441860465116279
188,240,0.6,1.5,1.5,5.0,0.1083851877242672,10.83851877242672,13.0,1300.0,276.9230769230769,2.5999999999999996,70.0,2.825,0.36,36.0,0.28324213406292753
189,240,0.6,1.5,1.5,10.0,0.1083851877242672,10.83851877242672,23.0,2300.0,156.52173913043478,2.5999999999999996,70.0,2.825,0.36,36.0,0.28324213406292753
190,240,1.0,0.5,0.5,2.5,0.037324891297025,3.732489129702506,6.0,600.0,600.0,2.9000000000000004,60.0,2.875,0.39000000000000007,46.0,0.27332787766269273
191,240,1.0,0.5,0.5,5.0,0.0439116368200294,4.391163682002948,11.0,1100.0,327.27272727272725,2.1,60.0,2.875,0.31000000000000005,26.0,0.48215140707445747
192,240,1.0,0.5,0.5,10.0,0.0439116368200294,4.391163682002948,21.0,2100.0,171.42857142857142,2.1,60.0,2.875,0.31000000000000005,26.0,0.48215140707445747
193,240,1.0,0.5,1.0,2.5,0.0599635822391119,5.996358223911199,6.5,650.0,553.8461538461538,2.75,67.5,2.8874999999999997,0.37500000000000006,43.0,0.31060863298807845
194,240,1.0,0.5,1.0,5.0,0.0705453908695435,7.054539086954352,11.5,1150.0,313.0434782608696,1.95,67.5,2.8874999999999997,0.29500000000000004,23.0,0.5194321623998432
195,240,1.0,0.5,1.0,10.0,0.0705453908695435,7.054539086954352,21.5,2150.0,167.4418604651163,1.95,67.5,2.8874999999999997,0.29500000000000004,23.0,0.5194321623998432
196,240,1.0,0.5,1.5,2.5,0.0629617613510676,6.29617613510676,7.0,700.0,514.2857142857143,2.9000000000000004,75.0,2.875,0.39000000000000007,46.0,0.2454209009185067
197,240,1.0,0.5,1.5,5.0,0.0740726604130207,7.40726604130207,12.0,1200.0,300.0,2.1,75.0,2.875,0.31000000000000005,26.0,0.4542444303302715
198,240,1.0,0.5,1.5,10.0,0.0740726604130207,7.40726604130207,22.0,2200.0,163.63636363636363,2.1,75.0,2.875,0.31000000000000005,26.0,0.4542444303302715
199,240,1.0,1.0,0.5,2.5,0.0599635822391119,5.996358223911199,6.5,650.0,553.8461538461538,2.75,67.5,2.8874999999999997,0.37500000000000006,43.0,0.31060863298807845
200,240,1.0,1.0,0.5,5.0,0.0705453908695435,7.054539086954352,11.5,1150.0,313.0434782608696,1.95,67.5,2.8874999999999997,0.29500000000000004,23.0,0.5194321623998432
201,240,1.0,1.0,0.5,10.0,0.0705453908695435,7.054539086954352,21.5,2150.0,167.4418604651163,1.95,67.5,2.8874999999999997,0.29500000000000004,23.0,0.5194321623998432
202,240,1.0,1.0,1.0,2.5,0.0963333333333333,9.633333333333336,7.0,700.0,514.2857142857143,2.6,75.0,2.9,0.36000000000000004,40.0,0.34788938831346466
203,240,1.0,1.0,1.0,5.0,0.1133333333333333,11.333333333333334,12.0,1200.0,300.0,1.8,75.0,2.9,0.28,20.0,0.5567129177252294
204,240,1.0,1.0,1.0,10.0,0.1133333333333333,11.333333333333334,22.0,2200.0,163.63636363636363,1.8,75.0,2.9,0.28,20.0,0.5567129177252294
205,240,1.0,1.0,1.5,2.5,0.10115,10.115,7.5,750.0,480.0,2.75,82.5,2.8874999999999997,0.37500000000000006,43.0,0.2827016562438924
206,240,1.0,1.0,1.5,5.0,0.119,11.9,12.5,1250.0,288.0,1.95,82.5,2.8874999999999997,0.29500000000000004,23.0,0.4915251856556571
207,240,1.0,1.0,1.5,10.0,0.119,11.9,22.5,2250.0,160.0,1.95,82.5,2.8874999999999997,0.29500000000000004,23.0,0.4915251856556571
208,240,1.0,1.5,0.5,2.5,0.0629617613510676,6.29617613510676,7.0,700.0,514.2857142857143,2.9000000000000004,75.0,2.875,0.39000000000000007,46.0,0.2454209009185067
209,240,1.0,1.5,0.5,5.0,0.0740726604130207,7.40726604130207,12.0,1200.0,300.0,2.1,75.0,2.875,0.31000000000000005,26.0,0.4542444303302715
210,240,1.0,1.5,0.5,10.0,0.0740726604130207,7.40726604130207,22.0,2200.0,163.63636363636363,2.1,75.0,2.875,0.31000000000000005,26.0,0.4542444303302715
211,240,1.0,1.5,1.0,2.5,0.10115,10.115,7.5,750.0,480.0,2.75,82.5,2.8874999999999997,0.37500000000000006,43.0,0.2827016562438924
212,240,1.0,1.5,1.0,5.0,0.119,11.9,12.5,1250.0,288.0,1.95,82.5,2.8874999999999997,0.29500000000000004,23.0,0.4915251856556571
213,240,1.0,1.5,1.0,10.0,0.119,11.9,22.5,2250.0,160.0,1.95,82.5,2.8874999999999997,0.29500000000000004,23.0,0.4915251856556571
214,240,1.0,1.5,1.5,2.5,0.1062075,10.62075,8.0,800.0,450.0,2.9000000000000004,90.0,2.875,0.39000000000000007,46.0,0.21751392417432064
215,240,1.0,1.5,1.5,5.0,0.12495,12.495000000000005,13.0,1300.0,276.9230769230769,2.1,90.0,2.875,0.31000000000000005,26.0,0.42633745358608544
216,240,1.0,1.5,1.5,10.0,0.12495,12.495000000000005,23.0,2300.0,156.52173913043478,2.1,90.0,2.875,0.31000000000000005,26.0,0.42633745358608544
217,240,1.4,0.5,0.5,2.5,0.0323766734695152,3.2376673469515227,6.0,600.0,600.0,3.3999999999999995,80.0,2.825,0.44,56.0,0.05581395348837209
218,240,1.4,0.5,0.5,5.0,0.0380902040817826,3.809020408178263,11.0,1100.0,327.27272727272725,2.5999999999999996,80.0,2.825,0.36,36.0,0.26463748290013683
219,240,1.4,0.5,0.5,10.0,0.0380902040817826,3.809020408178263,21.0,2100.0,171.42857142857142,2.5999999999999996,80.0,2.825,0.36,36.0,0.26463748290013683
220,240,1.4,0.5,1.0,2.5,0.0520141185882808,5.201411858828082,6.5,650.0,553.8461538461538,3.25,87.5,2.8375,0.42500000000000004,53.0,0.09309470881375768
221,240,1.4,0.5,1.0,5.0,0.061193080692095,6.119308069209508,11.5,1150.0,313.0434782608696,2.4499999999999997,87.5,2.8375,0.34500000000000003,33.0,0.30191823822552244
222,240,1.4,0.5,1.0,10.0,0.061193080692095,6.119308069209508,21.5,2150.0,167.4418604651163,2.4499999999999997,87.5,2.8375,0.34500000000000003,33.0,0.30191823822552244
223,240,1.4,0.5,1.5,2.5,0.0546148245176948,5.461482451769485,7.0,700.0,514.2857142857143,3.3999999999999995,95.0,2.825,0.44,56.0,0.027906976744186046
224,240,1.4,0.5,1.5,5.0,0.0642527347266998,6.425273472669983,12.0,1200.0,300.0,2.5999999999999996,95.0,2.825,0.36,36.0,0.23673050615595076
225,240,1.4,0.5,1.5,10.0,0.0642527347266998,6.425273472669983,22.0,2200.0,163.63636363636363,2.5999999999999996,95.0,2.825,0.36,36.0,0.23673050615595076
226,240,1.4,1.0,0.5,2.5,0.0520141185882808,5.201411858828082,6.5,650.0,553.8461538461538,3.25,87.5,2.8375,0.42500000000000004,53.0,0.09309470881375768
227,240,1.4,1.0,0.5,5.0,0.061193080692095,6.119308069209508,11.5,1150.0,313.0434782608696,2.4499999999999997,87.5,2.8375,0.34500000000000003,33.0,0.30191823822552244
228,240,1.4,1.0,0.5,10.0,0.061193080692095,6.119308069209508,21.5,2150.0,167.4418604651163,2.4499999999999997,87.5,2.8375,0.34500000000000003,33.0,0.30191823822552244
229,240,1.4,1.0,1.0,2.5,0.0835622762500019,8.356227625000193,7.0,700.0,514.2857142857143,3.0999999999999996,95.0,2.85,0.41000000000000003,50.0,0.13037546413914392
230,240,1.4,1.0,1.0,5.0,0.0983085602941199,9.830856029411992,12.0,1200.0,300.0,2.3,95.0,2.85,0.33,30.0,0.33919899355090866
231,240,1.4,1.0,1.0,10.0,0.0983085602941199,9.830856029411992,22.0,2200.0,163.63636363636363,2.3,95.0,2.85,0.33,30.0,0.33919899355090866
232,240,1.4,1.0,1.5,2.5,0.087740390062502,8.774039006250202,7.5,750.0,480.0,3.25,102.5,2.8375,0.42500000000000004,53.0,0.06518773206957164
233,240,1.4,1.0,1.5,5.0,0.1032239883088259,10.322398830882593,12.5,1250.0,288.0,2.4499999999999997,102.5,2.8375,0.34500000000000003,33.0,0.2740112614813364
234,240,1.4,1.0,1.5,10.0,0.1032239883088259,10.322398830882593,22.5,2250.0,160.0,2.4499999999999997,102.5,2.8375,0.34500000000000003,33.0,0.2740112614813364
235,240,1.4,1.5,0.5,2.5,0.0546148245176948,5.461482451769485,7.0,700.0,514.2857142857143,3.3999999999999995,95.0,2.825,0.44,56.0,0.027906976744186046
236,240,1.4,1.5,0.5,5.0,0.0642527347266998,6.425273472669983,12.0,1200.0,300.0,2.5999999999999996,95.0,2.825,0.36,36.0,0.23673050615595076
237,240,1.4,1.5,0.5,10.0,0.0642527347266998,6.425273472669983,22.0,2200.0,163.63636363636363,2.5999999999999996,95.0,2.825,0.36,36.0,0.23673050615595076
238,240,1.4,1.5,1.0,2.5,0.087740390062502,8.774039006250202,7.5,750.0,480.0,3.25,102.5,2.8375,0.42500000000000004,53.0,0.06518773206957164
239,240,1.4,1.5,1.0,5.0,0.1032239883088259,10.322398830882593,12.5,1250.0,288.0,2.4499999999999997,102.5,2.8375,0.34500000000000003,33.0,0.2740112614813364
240,240,1.4,1.5,1.0,10.0,0.1032239883088259,10.322398830882593,22.5,2250.0,160.0,2.4499999999999997,102.5,2.8375,0.34500000000000003,33.0,0.2740112614813364
241,240,1.4,1.5,1.5,2.5,0.0921274095656271,9.212740956562712,8.0,800.0,450.0,3.3999999999999995,110.0,2.825,0.44,56.0,0.0
242,240,1.4,1.5,1.5,5.0,0.1083851877242672,10.83851877242672,13.0,1300.0,276.9230769230769,2.5999999999999996,110.0,2.825,0.36,36.0,0.20882352941176474
243,240,1.4,1.5,1.5,10.0,0.1083851877242672,10.83851877242672,23.0,2300.0,156.52173913043478,2.5999999999999996,110.0,2.825,0.36,36.0,0.20882352941176474
